generation,mut_mean,mut_ci_low,mut_ci_high,sel_mean,sel_ci_low,sel_ci_high
0,0.0,0.0,0.0,0.0,0.0,0.0
1,0.051836495740203235,0.03859764183532941,0.06507534964507705,0.054806286849887066,0.0425946853084604,0.06701788839131373
2,0.10977603323616304,0.09152234807280066,0.12802971839952543,0.0994042152361814,0.08271002095593383,0.11609840951642897
3,0.15279035830030477,0.130092671518022,0.17548804508258753,0.14030730137216088,0.12265714572316197,0.1579574570211598
4,0.20203907401426105,0.1746186343655967,0.2294595136629254,0.19161626404375376,0.16976751894041656,0.21346500914709096
5,0.24434796073114232,0.2164982499047901,0.2721976715574945,0.23093934687853523,0.20850551145148039,0.2533731823055901
6,0.2756844838742795,0.24739351250241,0.30397545524614905,0.26885168080899413,0.24368403906815747,0.29401932254983076
7,0.3054448317457222,0.27746489599908575,0.3334247674923586,0.3062015759508417,0.27828183723906746,0.3341213146626159
8,0.3418377234771321,0.31221261909524595,0.37146282785901824,0.3409223563341873,0.31365782676075776,0.3681868859076169
9,0.38380777510674396,0.352411827201149,0.41520372301233893,0.3804900915127222,0.35121346667432063,0.4097667163511237
10,0.4137841238355997,0.3807726776113972,0.4467955700598022,0.4100095038725369,0.3816459150790794,0.43837309266599433
11,0.45257579424576067,0.42258260286527716,0.4825689856262442,0.4385554128221282,0.4107783029992242,0.46633252264503217
12,0.4840829122112586,0.4514746517241768,0.5166911726983404,0.46899815540895096,0.44140745416526495,0.49658885665263697
13,0.5153688474515319,0.48398501804782146,0.5467526768552423,0.4946370982877011,0.46869298129478965,0.5205812152806125
14,0.547206632306477,0.5169606814048107,0.5774525832081434,0.517154896296938,0.49282719493595295,0.5414825976579231
15,0.577621356029551,0.5463593952325143,0.6088833168265877,0.5331285256878052,0.5116186047582424,0.554638446617368
16,0.6106922342859042,0.5783688425047526,0.6430156260670559,0.5453793403693692,0.5264708941799371,0.5642877865588013
17,0.6318478832332618,0.5999933714942172,0.6637023949723064,0.5548590201170829,0.5375889564193381,0.5721290838148276
18,0.6589529580393146,0.6275583171939328,0.6903475988846964,0.5578084137500525,0.5413167102178378,0.5743001172822673
19,0.6849810864721095,0.6538428095433091,0.71611936340091,0.5635588901638031,0.548673418989422,0.5784443613381842
20,0.7191449627737226,0.690035736487403,0.7482541890600423,0.5658598394040293,0.5515746025944995,0.580145076213559
21,0.7385607943909049,0.7109682486697304,0.7661533401120795,0.5740362634233324,0.5627754302479263,0.5852970965987384
22,0.7659101581966076,0.7376386069837512,0.794181709409464,0.5779320156086942,0.5687295420086002,0.5871344892087883
23,0.791046666060875,0.7628128101722347,0.8192805219495154,0.5780914373578981,0.5687808914254963,0.5874019832903
24,0.8176526502175916,0.7873329263838955,0.8479723740512877,0.5812664782425544,0.5731343333524277,0.5893986231326811
25,0.8382855578993236,0.8086964287454712,0.8678746870531759,0.5831644078244355,0.5758495854203255,0.5904792302285454
26,0.8639687901388363,0.832476782458558,0.8954607978191146,0.5834999039045708,0.5763410995686158,0.5906587082405259
27,0.8806356733073802,0.8485060385108761,0.9127653081038843,0.5835491113292057,0.5763919657411721,0.5907062569172393
28,0.9043040704432336,0.87252512647159,0.9360830144148772,0.5827606437101421,0.5754842767112058,0.5900370107090784
29,0.9241991195645213,0.8929348569994112,0.9554633821296313,0.5832447106909112,0.5762273362663947,0.5902620851154278
30,0.9353883454538946,0.9036637369739788,0.9671129539338104,0.5827231899374499,0.5757263209478037,0.589720058927096
31,0.9535185737737365,0.9216783063294571,0.9853588412180159,0.5826281709099653,0.5755927763308676,0.5896635654890631
32,0.9719210370045466,0.9387557919854153,1.005086282023678,0.5825731900691449,0.5752827452721063,0.5898636348661834
33,0.9933221592456585,0.960653260112951,1.025991058378366,0.5823108458277035,0.5750260411016114,0.5895956505537957
34,1.014825697678929,0.9822083310173464,1.0474430643405115,0.5824658967353519,0.5753099961318828,0.5896217973388209
35,1.0301379900523626,0.9965205669866054,1.0637554131181197,0.5819918602582204,0.5747732691710208,0.5892104513454199
36,1.0480764204881503,1.0146670182966402,1.0814858226796604,0.5818845983309129,0.5747551249726546,0.5890140716891712
37,1.0728725398638856,1.0408334937491932,1.104911585978578,0.5819870065652002,0.5748490423354269,0.5891249707949735
38,1.089756292540225,1.0580096410819697,1.1215029439984805,0.5821397757297728,0.5750205168684134,0.5892590345911323
39,1.1025821000162737,1.0710677165484155,1.1340964834841318,0.5807105010274036,0.5735795532817252,0.5878414487730821
40,1.1190243280574292,1.0885416188802477,1.1495070372346108,0.5795008617987305,0.5720794912757682,0.5869222323216928
41,1.1330728364836797,1.1033212413916298,1.1628244315757297,0.5773393140483392,0.5697137577455123,0.5849648703511661
42,1.1485878412811703,1.1193587543642245,1.1778169281981161,0.5794464464501516,0.5718581840491084,0.5870347088511949
43,1.1637714064125513,1.136048303901524,1.1914945089235787,0.5810398140063374,0.5739321874743077,0.5881474405383671
44,1.1781872561506221,1.1509280507588682,1.2054464615423761,0.5807849133096761,0.5736644523929314,0.5879053742264208
45,1.192043868330011,1.165508767274387,1.218578969385635,0.5801361627386236,0.5729885488488224,0.5872837766284247
46,1.202917637134348,1.177364784942911,1.228470489325785,0.5789669421141679,0.5717365175708757,0.58619736665746
47,1.220871134203476,1.1953709498846574,1.2463713185222944,0.5784376921361877,0.5714615179755774,0.5854138662967979
48,1.234315365244364,1.2087443701422989,1.259886360346429,0.5788011796995702,0.5716215107887719,0.5859808486103686
49,1.2481727837626295,1.2228752331908717,1.2734703343343874,0.5782293743316106,0.5708348199151388,0.5856239287480823
50,1.2609383716825548,1.2350189724495024,1.2868577709156073,0.5790047076462419,0.5713815659600281,0.5866278493324557
51,1.2742487711056747,1.24798459650019,1.3005129457111595,0.5792751369859458,0.5715347191032711,0.5870155548686204
52,1.287810118128546,1.261621409414977,1.313998826842115,0.5802577179052154,0.5726667295242355,0.5878487062861953
53,1.3012459098544635,1.2761039908366691,1.326387828872258,0.5777659300752149,0.5700295346101921,0.5855023255402377
54,1.3120604082004175,1.2872480799089545,1.3368727364918804,0.5793040735562375,0.5716561897737498,0.5869519573387252
55,1.3261687227081382,1.3010352476437153,1.3513021977725612,0.5788837624702091,0.5712435187524826,0.5865240061879357
56,1.3328700348912346,1.3075350900291713,1.3582049797532978,0.5806927153335828,0.5731112042926779,0.5882742263744877
57,1.3461430394790508,1.3208048013181781,1.3714812776399234,0.5792231292359746,0.5718223521595627,0.5866239063123866
58,1.3578438313480146,1.331844765411246,1.3838428972847832,0.5810005967697868,0.5736922260921434,0.5883089674474301
59,1.368571275754869,1.3429893310598993,1.3941532204498386,0.581841483957388,0.5744546517791889,0.5892283161355871
60,1.3782443060917509,1.3522826982101166,1.4042059139733851,0.5803488557678461,0.5730901344616217,0.5876075770740705
61,1.3874578383926643,1.3615774339881175,1.4133382427972112,0.5804440224025516,0.5731316406358026,0.5877564041693005
62,1.3991972170258464,1.372618785630307,1.425775648421386,0.5798260105942104,0.572492577437065,0.5871594437513556
63,1.4093859525083223,1.3835906232873467,1.435181281729298,0.5791022138650542,0.5713901613603576,0.5868142663697509
64,1.41941017807997,1.3941624177287042,1.4446579384312357,0.5792306172765752,0.5716838770552723,0.5867773574978781
65,1.429168282590459,1.4037205634859458,1.4546160016949723,0.5812390373748866,0.5740906481422137,0.5883874266075595
66,1.4388997582473981,1.4136697027176877,1.4641298137771086,0.5800168116915201,0.5727231191728982,0.587310504210142
67,1.4449697979676586,1.420741351204853,1.4691982447304641,0.5797739947664495,0.5729210259611903,0.5866269635717087
68,1.4552387912071507,1.4308684129644467,1.4796091694498548,0.5798587991043835,0.5728446596794063,0.5868729385293607
69,1.4649292379795655,1.4406360666724671,1.489222409286664,0.5797906663656839,0.5727363390383309,0.5868449936930369
70,1.47300336499585,1.4488904198057768,1.4971163101859233,0.5812884230519316,0.5741506831817015,0.5884261629221618
71,1.481509983902736,1.4583544342259918,1.50466553357948,0.5813226916903503,0.5741796815261273,0.5884657018545734
72,1.4896928765530735,1.4664173989917693,1.5129683541143777,0.5818052118993979,0.5746532022049845,0.5889572215938114
73,1.4966405422625197,1.4728725616829539,1.5204085228420856,0.5813421112380084,0.5742430419724722,0.5884411805035445
74,1.5043108219017425,1.480477942660052,1.528143701143433,0.5824695820549181,0.575638664397931,0.5893004997119051
75,1.5109041077388008,1.4868429105425023,1.5349653049350993,0.5824772551880513,0.5756482547101516,0.589306255665951
76,1.5195080604061542,1.496472385799091,1.5425437350132174,0.5816810826467315,0.5745720779724812,0.5887900873209817
77,1.524943250052255,1.50262123359284,1.5472652665116702,0.5789330093076995,0.5711793786603803,0.5866866399550188
78,1.52988125067651,1.5083304050403432,1.5514320963126769,0.5796460925485875,0.5714290878883455,0.5878630972088295
79,1.5374149922707594,1.5155796305727744,1.5592503539687443,0.5795956819896846,0.5723374236169666,0.5868539403624026
80,1.5454656509670337,1.5235328997090323,1.5673984022250351,0.5804149868576929,0.5730176845666953,0.5878122891486904
81,1.5533935427186867,1.5316079515593708,1.5751791338780026,0.5802442332262363,0.572773758628681,0.5877147078237916
82,1.5585522777885574,1.5358448818631913,1.5812596737139235,0.5814115195499774,0.573992832289371,0.5888302068105837
83,1.565795455005265,1.5430607835916514,1.5885301264188787,0.5811229958710996,0.5733250617894964,0.5889209299527028
84,1.5731683602282083,1.551001592095984,1.5953351283604325,0.5810527716909352,0.573240329928585,0.5888652134532854
85,1.5802050162635877,1.5586125397591875,1.6017974927679879,0.5822708751262303,0.5744055692131737,0.590136181039287
86,1.589803596199215,1.5683691124527706,1.6112380799456594,0.5822695710143676,0.5744035356644609,0.5901356063642743
87,1.5961682469906253,1.5746287863586992,1.6177077076225514,0.5824484304266263,0.574682273423343,0.5902145874299096
88,1.6010553097125535,1.5798014126641076,1.6223092067609994,0.5810551714952996,0.5735839387254371,0.5885264042651621
89,1.6070566943201188,1.5863336973268622,1.6277796913133753,0.5827155778146055,0.5752551050622295,0.5901760505669814
90,1.613671144761225,1.592868080611147,1.6344742089113031,0.5834619519460262,0.5759037524908335,0.591020151401219
91,1.6204700097798173,1.5999235018248077,1.6410165177348268,0.5836362928504019,0.576027464164926,0.5912451215358777
92,1.6259806492288305,1.60600382344376,1.645957475013901,0.5837134507148896,0.5761238689241851,0.591303032505594
93,1.6321189365247986,1.6131139556093372,1.6511239174402599,0.5817972404409467,0.5737661757503051,0.5898283051315883
94,1.6387396445020193,1.619271014439905,1.6582082745641336,0.5831332324089916,0.57545820556037,0.5908082592576133
95,1.64491681997498,1.6246823115558187,1.6651513283941413,0.5817305171616436,0.5737988515285833,0.5896621827947038
96,1.6497806828893837,1.6293323784029445,1.670228987375823,0.5822369614650917,0.5745161232679116,0.5899577996622719
97,1.6537870545128228,1.633714043036528,1.6738600659891176,0.5832996768355937,0.5754870533047456,0.5911123003664418
98,1.659711988621991,1.6400669657068199,1.6793570115371623,0.5838483373081709,0.5763565625862294,0.5913401120301124
99,1.665982783092927,1.6464517369658929,1.6855138292199612,0.5841831896292127,0.576814272114157,0.5915521071442683
100,1.6691858453898525,1.6492422235695607,1.6891294672101442,0.5841898939143093,0.5768240748731231,0.5915557129554955
101,1.673924675306897,1.6539764567740474,1.6938728938397467,0.5847763137523105,0.5775632030607172,0.5919894244439039
102,1.6789997002616508,1.6588987094707714,1.6991006910525301,0.5847763137523105,0.5775632030607172,0.5919894244439039
103,1.6828025688299615,1.662669180856696,1.702935956803227,0.5854816173313909,0.5786970150397255,0.5922662196230564
104,1.6879166964712722,1.6682972102283942,1.7075361827141502,0.5840113085864261,0.5771595907343414,0.5908630264385109
105,1.6945085672090976,1.675403909018899,1.7136132253992962,0.584061278161467,0.5772044115564583,0.5909181447664758
106,1.6994374063306839,1.6802429568901558,1.718631855771212,0.5843272570476967,0.5773724186159456,0.5912820954794479
107,1.7035964685911826,1.6853244408600283,1.721868496322337,0.5847138185027502,0.5778255476088666,0.5916020893966337
108,1.7084122729829991,1.6912477734119393,1.725576772554059,0.5846823079028651,0.5777672506275188,0.5915973651782115
109,1.7107473123090957,1.6935730164924436,1.7279216081257478,0.5848486876915223,0.5779455811763786,0.591751794206666
110,1.715771509927204,1.698622027571745,1.732920992282663,0.5842157411642214,0.5770104052677167,0.591421077060726
111,1.7182974297603801,1.7014183518883015,1.7351765076324588,0.5847529616153769,0.577746698828867,0.5917592244018869
112,1.7230218367830108,1.7060702143297555,1.7399734592362661,0.5841183430958582,0.5772607810451874,0.590975905146529
113,1.729190820149484,1.713376086467557,1.7450055538314113,0.5834346203950715,0.5765004284751021,0.590368812315041
114,1.7318187417721658,1.7161109747010308,1.7475265088433007,0.5831153189335271,0.5762285810495226,0.5900020568175316
115,1.7358022640325697,1.7200686776310972,1.7515358504340421,0.5831583923657536,0.5761051934182065,0.5902115913133007
116,1.7404593900505825,1.724986934214949,1.7559318458862159,0.5825790092002756,0.575324361566383,0.5898336568341682
117,1.7455877782808822,1.7299943438244978,1.7611812127372666,0.5839430922184738,0.5766713577668752,0.5912148266700725
118,1.749691610123465,1.7343653247935273,1.7650178954534026,0.5846062482178308,0.5776422094152931,0.5915702870203685
119,1.7550541281410492,1.7399902862002758,1.7701179700818226,0.5850131882089759,0.578114645934766,0.5919117304831857
120,1.759739632951254,1.7447779570631303,1.7747013088393777,0.5844677369571505,0.5774003960803425,0.5915350778339584
121,1.763188647174504,1.7477833460996612,1.7785939482493467,0.5846226490493978,0.5775330516575298,0.5917122464412657
122,1.7685893154743175,1.7537665281506813,1.7834121027979537,0.5853122833521778,0.578252595208408,0.5923719714959476
123,1.7717415900848896,1.7567694477834326,1.7867137323863467,0.5855484827024422,0.5785647794940005,0.5925321859108839
124,1.7741949947780213,1.7593750512299449,1.7890149383260978,0.5850328360575857,0.5775523654533704,0.592513306661801
125,1.7769848007274556,1.7624766127286604,1.7914929887262507,0.5856675769882844,0.5784755451320771,0.5928596088444917
126,1.7794324127695118,1.7648637680975339,1.7940010574414897,0.5856466040089986,0.5784766495206287,0.5928165584973685
127,1.7835445281969162,1.7697452083341945,1.797343848059638,0.5859166503567862,0.5787569597443578,0.5930763409692146
128,1.7883624927234718,1.774901207148798,1.8018237782981457,0.5851506850389424,0.5771598753770091,0.5931414947008757
129,1.7907847774078727,1.777380837812392,1.8041887170033533,0.5843161381889618,0.576900341001271,0.5917319353766526
130,1.7941392479020515,1.7809995618100594,1.8072789339940436,0.5853103483668939,0.5781965791772293,0.5924241175565584
131,1.795308834441293,1.7817736071535393,1.8088440617290469,0.5863437775615317,0.5792698213013557,0.5934177338217076
132,1.7989475518061513,1.7858019986118385,1.812093105000464,0.5841740519840043,0.5770902164501049,0.5912578875179036
133,1.8024901327888798,1.789614847583887,1.8153654179938727,0.5847818573967674,0.5776929127076884,0.5918708020858463
134,1.8048390390866198,1.7917206939338433,1.8179573842393963,0.5847593716638336,0.5775042151124665,0.5920145282152007
135,1.8067388383309975,1.7938626047919635,1.8196150718700315,0.5847291939961392,0.5776126204870582,0.5918457675052202
136,1.8089358554827881,1.7964510388630766,1.8214206721024997,0.5849205609687972,0.5779802941841613,0.5918608277534331
137,1.8111972827177498,1.7987194463991472,1.8236751190363525,0.5861334391205426,0.5792499109007405,0.5930169673403447
138,1.8138610710655194,1.801519634721316,1.8262025074097228,0.5863907572809869,0.5796220361757612,0.5931594783862125
139,1.818409865289417,1.806232720127391,1.830587010451443,0.5857001512101686,0.5789205649461876,0.5924797374741496
140,1.8212515074422169,1.8097018576827233,1.8328011572017104,0.5857140666647984,0.57891173256366,0.5925164007659368
141,1.8231524465086317,1.8113476809700217,1.8349572120472417,0.585085277543605,0.5786499269544286,0.5915206281327813
142,1.8268235846064858,1.8148882678068903,1.8387589014060812,0.5858747611291778,0.5794461939237677,0.5923033283345879
143,1.8285609728741872,1.8170716511266853,1.840050294621689,0.5863918956725308,0.5798184031904652,0.5929653881545964
144,1.8313024642895288,1.8199982449868144,1.8426066835922432,0.5860250029526857,0.5793927870341959,0.5926572188711754
145,1.8329773321363252,1.8219853526201024,1.843969311652548,0.5859661335385753,0.5793593649431368,0.5925729021340138
146,1.8350917723653453,1.8239756134858534,1.8462079312448372,0.5858373293656893,0.579249274887951,0.5924253838434277
147,1.8374688651705133,1.8266372380948988,1.848300492246128,0.585385969249223,0.5787943893882476,0.5919775491101985
148,1.8403878402045415,1.8295324781762252,1.8512432022328578,0.584601908478729,0.577782421360218,0.5914213955972399
149,1.8434439189245284,1.8325451360310843,1.8543427018179726,0.5848273877327305,0.5781214079752426,0.5915333674902183
150,1.8455018919626094,1.8343855879926139,1.856618195932605,0.5845350856038775,0.577470053221523,0.5916001179862319
151,1.8455637996873926,1.834518094759824,1.856609504614961,0.584607511436224,0.5779135848270548,0.5913014380453933
152,1.8471517415668217,1.8360568699528241,1.8582466131808193,0.5844797679629221,0.577978844172598,0.5909806917532462
153,1.8502570265650835,1.839421756999414,1.861092296130753,0.5852329251488682,0.5783822153603917,0.5920836349373446
154,1.8519543751644605,1.841442672995691,1.86246607733323,0.5840574108082612,0.5767760518524238,0.5913387697640987
155,1.8530661547594365,1.842375053801771,1.863757255717102,0.5857149977238795,0.579229285552231,0.592200709895528
156,1.8536433142510256,1.8430610401318879,1.8642255883701633,0.5864255759243213,0.5799051918819289,0.5929459599667137
157,1.8567960123632745,1.846497266834807,1.867094757891742,0.5855305154980072,0.5791010710010082,0.5919599599950062
158,1.8591758539225354,1.8485161279061888,1.869835579938882,0.5855930966299013,0.5792010467364153,0.5919851465233874
159,1.8609345029329103,1.850373242872843,1.8714957629929776,0.5853051294409356,0.5789922713622431,0.5916179875196281
160,1.864133365379551,1.853743361112131,1.8745233696469712,0.5844403365134189,0.5778759459230578,0.5910047271037799
161,1.8654110614923782,1.8550353484201931,1.8757867745645633,0.5826885061342231,0.5752866456367927,0.5900903666316535
162,1.8667687005169822,1.8564456408845922,1.8770917601493722,0.5831387907910693,0.5761208423059161,0.5901567392762226
163,1.867934883945375,1.8577677367428493,1.8781020311479009,0.5834191806785191,0.5763022879713361,0.590536073385702
164,1.8700400123028444,1.8600463592199832,1.8800336653857057,0.5843669465076603,0.5772655801649492,0.5914683128503714
165,1.872225845979651,1.8624883002713106,1.8819633916879914,0.58433415553805,0.5772403450106717,0.5914279660654284
166,1.8745028514157531,1.865253054549922,1.8837526482815843,0.5849379338458908,0.5783360458441993,0.5915398218475822
167,1.8764937852761339,1.8673147143459492,1.8856728562063185,0.5851698092798767,0.5786341010955682,0.5917055174641852
168,1.8765300370691054,1.8674082038072666,1.8856518703309442,0.5848517655730536,0.5784213296663332,0.5912822014797741
169,1.8777768130600874,1.8687341254263674,1.8868195006938073,0.5858796772361128,0.579540719250704,0.5922186352215215
170,1.8777613075746915,1.8686388753299177,1.8868837398194653,0.5851556558444667,0.5786292398825242,0.5916820718064092
171,1.878883188464122,1.8700569379755516,1.8877094389526923,0.5841058098351318,0.5774568729615874,0.5907547467086762
172,1.881601504386463,1.8731595083983064,1.8900435003746194,0.5849764784767075,0.5782513091071276,0.5917016478462874
173,1.8827864324858752,1.8740065025980215,1.8915663623737289,0.5845647051407888,0.5779095295201929,0.5912198807613848
174,1.8843722573650217,1.8756597582320051,1.8930847564980382,0.5838158399905157,0.5770797207631772,0.5905519592178542
175,1.8858989095750835,1.8773679350367694,1.8944298841133977,0.5828264423093177,0.5757912591972271,0.5898616254214083
176,1.8876456656822835,1.8793790198448304,1.8959123115197367,0.5820919758536468,0.5750215724876147,0.589162379219679
177,1.8893119762742918,1.881378535848859,1.8972454166997246,0.5822958121662617,0.5754407236086663,0.5891509007238571
178,1.8902923485555738,1.8822883732432785,1.8982963238678692,0.5831759449182419,0.5763586700680658,0.5899932197684179
179,1.8907293269122045,1.8826571574305704,1.8988014963938387,0.5823471882827309,0.5754657676844092,0.5892286088810527
180,1.8924688326240553,1.8846908543190763,1.9002468109290342,0.5835619287457984,0.5767188449407623,0.5904050125508344
181,1.8937699979502025,1.8860337932539866,1.9015062026464185,0.5844118550108613,0.5775515970239696,0.5912721129977531
182,1.8946798674020169,1.8870177973931999,1.902341937410834,0.5837583503070787,0.5766434831582622,0.5908732174558952
183,1.8955333213236631,1.8876369268635773,1.903429715783749,0.582222090485461,0.5744904947590309,0.5899536862118911
184,1.8967412096054261,1.8889858003176858,1.9044966188931665,0.5832913629278271,0.5763728207657763,0.5902099050898779
185,1.8978265280256919,1.8901094285997981,1.9055436274515856,0.5832685216752501,0.5763770347075304,0.5901600086429698
186,1.8985854085221086,1.890979493848596,1.9061913231956211,0.5803105469916553,0.5735735687759543,0.5870475252073563
187,1.8993253096199294,1.8916479932255903,1.9070026260142685,0.5810070181202618,0.5741366992333142,0.5878773370072093
188,1.9002467434439279,1.8926864543784294,1.9078070325094263,0.5812473905937193,0.5738052046901819,0.5886895764972567
189,1.9012891845900148,1.8937466407497547,1.908831728430275,0.582334243990758,0.5749189727320776,0.5897495152494383
190,1.9011184522376374,1.8935535952598366,1.9086833092154383,0.5818405701717537,0.5745246095618491,0.5891565307816583
191,1.9009883447572904,1.8933554152772087,1.908621274237372,0.5828546872934671,0.5761564248271538,0.5895529497597805
192,1.9020222083137854,1.8945999591869034,1.9094444574406675,0.5838660967643017,0.5773171023109236,0.5904150912176798
193,1.903229897701529,1.8959694916606422,1.9104903037424157,0.5831277708316116,0.5763690875836276,0.5898864540795956
194,1.9045152236133267,1.8974811536743055,1.911549293552348,0.5826520755666378,0.5757020566035631,0.5896020945297125
195,1.9053927384500948,1.8986297865389965,1.9121556903611931,0.5826520755666378,0.5757020566035631,0.5896020945297125
196,1.905842972297672,1.8988828417768504,1.9128031028184935,0.5809361943905753,0.573874541626686,0.5879978471544646
197,1.9071944008143056,1.9002282605025644,1.9141605411260467,0.5824815108336919,0.5756386825941595,0.5893243390732243
198,1.90780581733933,1.900736930346572,1.914874704332088,0.5824718367832098,0.5757441930388071,0.5891994805276125
199,1.9089072575509405,1.9017508023141771,1.9160637127877038,0.5824770899347488,0.5757484265034425,0.5892057533660551
200,1.9090885542289524,1.9018724728845577,1.916304635573347,0.582871119958808,0.5760787751009506,0.5896634648166654
201,1.9098778852397793,1.9026862773236428,1.9170694931559158,0.5815837751347132,0.5745924656845565,0.5885750845848698
202,1.9110564215196788,1.9040258382498558,1.9180870047895018,0.5816900246556675,0.5746212381234501,0.588758811187885
203,1.9125013414215621,1.905311214435832,1.9196914684072923,0.5816900246556675,0.5746212381234501,0.588758811187885
204,1.9134120506805603,1.906375864747977,1.9204482366131437,0.5828104152346347,0.575875077860566,0.5897457526087034
205,1.9148141158686611,1.9076980323646855,1.9219301993726368,0.5824666556114818,0.5755018966285277,0.5894314145944359
206,1.916006384317555,1.9089599944083686,1.9230527742267414,0.581220742554661,0.5742052319704378,0.5882362531388843
207,1.9169130550123454,1.9101044117672938,1.923721698257397,0.5818987429924927,0.5749383462247524,0.588859139760233
208,1.9183140053148713,1.9116083139503461,1.9250196966793964,0.5803458275387526,0.5731089198966798,0.5875827351808255
209,1.918281486582203,1.9117039996880545,1.9248589734763517,0.5809777350802172,0.57367928113129,0.5882761890291445
210,1.9189477193015363,1.912245021853296,1.9256504167497766,0.5807429541612801,0.5734235035268738,0.5880624047956864
211,1.9197725400702488,1.9130984734273522,1.9264466067131454,0.5801914087001159,0.5728810469836166,0.5875017704166151
212,1.919950639435077,1.9135665080566304,1.9263347708135234,0.5802370329843616,0.5729413402926647,0.5875327256760584
213,1.9205853715991694,1.9141759457102927,1.9269947974880461,0.5811224726702582,0.5738802253406211,0.5883647199998953
214,1.921185972786021,1.9146603194037564,1.9277116261682856,0.581890720213424,0.5749554443074827,0.5888259961193654
215,1.9219734339320014,1.915442653597628,1.9285042142663746,0.5819715537222987,0.5749864526385873,0.5889566548060101
216,1.9225892197492032,1.9159854745910507,1.9291929649073556,0.58098451839985,0.573690853598546,0.588278183201154
217,1.9244396597542697,1.9178808215081227,1.9309984980004167,0.5815210748236216,0.5744653588050843,0.5885767908421589
218,1.9249785213491233,1.9185970700675952,1.9313599726306514,0.5822028654547975,0.575213987465346,0.589191743444249
219,1.9259368583444418,1.9194357439526666,1.932437972736217,0.5809731508980869,0.5737477802227878,0.5881985215733859
220,1.9263876409970246,1.9196777232261248,1.9330975587679244,0.5813055649862782,0.5742799464285482,0.5883311835440082
221,1.9272357164423122,1.920535295543841,1.9339361373407833,0.5806490811668585,0.5735650213041109,0.5877331410296062
222,1.928023112336033,1.9210754696086592,1.9349707550634068,0.5816658352053813,0.5746633154364137,0.5886683549743489
223,1.9288372259287112,1.9223295395144675,1.935344912342955,0.5803892358709902,0.5731483127314578,0.5876301590105226
224,1.9296609451843065,1.923294315440021,1.936027574928592,0.5806253075416707,0.5733520932829537,0.5878985218003878
225,1.9289495145225153,1.9222848855139179,1.9356141435311127,0.5813622459785706,0.573843695177399,0.5888807967797421
226,1.9293190219590708,1.922715850358238,1.9359221935599036,0.5810434402300244,0.573423661596862,0.5886632188631868
227,1.930001100818003,1.9234894391934803,1.9365127624425256,0.5828311791142353,0.5758095424918706,0.5898528157366001
228,1.9306160675281114,1.9241379998228092,1.9370941352334137,0.5830686471157693,0.5761468666503345,0.5899904275812041
229,1.9313430402427156,1.9251135735804668,1.9375725069049645,0.5821991942863397,0.5752962228735394,0.58910216569914
230,1.9317105615689925,1.9258626154435299,1.937558507694455,0.5810232773358928,0.574027596847177,0.5880189578246086
231,1.9314046203301507,1.9256188086873247,1.9371904319729767,0.5811511260853444,0.5733528769483692,0.5889493752223195
232,1.9318197689836918,1.9261293182355699,1.9375102197318137,0.5821811285315804,0.5749731855484789,0.589389071514682
233,1.9329830115406959,1.9273356137420643,1.9386304093393274,0.5817937110450646,0.5743666011826573,0.589220820907472
234,1.932526087955645,1.9267063941873324,1.9383457817239576,0.5830375290641698,0.5759183700761303,0.5901566880522093
235,1.9329005993428487,1.9269235621155618,1.9388776365701357,0.5815186626637044,0.5735708351065598,0.5894664902208491
236,1.9339089019999784,1.9279881038681133,1.9398297001318436,0.5817402969639981,0.5742101830263462,0.58927041090165
237,1.9335146059716866,1.9275294051613723,1.9394998067820008,0.5824967388918612,0.575761568865234,0.5892319089184883
238,1.9340092844528942,1.9279411889166738,1.9400773799891147,0.5819232252773883,0.5752724256880691,0.5885740248667074
239,1.9343697105247117,1.9284204882658649,1.9403189327835586,0.5826238735727275,0.5758850318673107,0.5893627152781443
240,1.9344397533052655,1.9283637048040976,1.9405158018064335,0.582094392499947,0.5753513108047255,0.5888374741951685
241,1.9341856062808613,1.927997686413139,1.9403735261485837,0.5818252559867902,0.5749911275526692,0.5886593844209113
242,1.9350304907150704,1.9289417257212684,1.9411192557088723,0.5825051892231774,0.5755471223775324,0.5894632560688224
243,1.9344932648440007,1.9279171375117707,1.9410693921762308,0.5814945183796671,0.5746077602702623,0.588381276489072
244,1.9349142817972957,1.9281388485866724,1.941689715007919,0.5821975100030575,0.5760441785597561,0.588350841446359
245,1.9351749152466329,1.9280959456623359,1.9422538848309299,0.581787204784989,0.5756817413748843,0.5878926681950938
246,1.9346256992333455,1.9273942126302746,1.9418571858364164,0.5823152609869375,0.5760936909621717,0.5885368310117034
247,1.9352915866982128,1.928146048149315,1.9424371252471107,0.5818270100695638,0.5750919118336901,0.5885621083054375
248,1.9362703438640032,1.929412173475508,1.9431285142524983,0.5822516693052688,0.5757724760060332,0.5887308626045045
249,1.9364567234019778,1.929661416295806,1.9432520305081498,0.5820893500247682,0.5756332644462107,0.5885454356033258
250,1.9379292985260574,1.9312821742015271,1.9445764228505877,0.5814669449042076,0.5749360275836187,0.5879978622247964
251,1.9387410688507347,1.9321627571064433,1.9453193805950262,0.5825458836622758,0.5763467526474172,0.5887450146771344
252,1.9388996503944553,1.932431767763951,1.9453675330249596,0.5825896978450218,0.576426078160792,0.5887533175292515
253,1.939805855119092,1.9335533317298819,1.946058378508302,0.582622488814632,0.5764559584978994,0.5887890191313645
254,1.9399704530370099,1.933785083027794,1.9461558230462257,0.582512211397636,0.5763690257278389,0.5886553970674331
255,1.9403735180855828,1.9341599806692802,1.9465870555018854,0.5811124641429506,0.5748295343039755,0.5873953939819256
256,1.9408844660386149,1.9343491177342786,1.947419814342951,0.5803154050571468,0.5737557998255444,0.5868750102887493
257,1.941661477286131,1.9353253997509003,1.9479975548213615,0.5804603401525192,0.5738297914579114,0.5870908888471271
258,1.9424653995214194,1.9360550345730485,1.9488757644697903,0.5790398215614758,0.5724861335968062,0.5855935095261454
259,1.942463707403599,1.9360561541099028,1.9488712606972953,0.5795328505433246,0.5732310944604263,0.5858346066262229
260,1.9430944978116784,1.9368434645569803,1.9493455310663765,0.5801982537231196,0.5739241222504115,0.5864723851958278
261,1.9432058967682742,1.9370780898079116,1.9493337037286367,0.5803901916020187,0.5740011828608071,0.5867792003432302
262,1.9443676291281244,1.9383034453705494,1.9504318128856994,0.5790036150991393,0.5729389614773481,0.5850682687209305
263,1.9451089846463259,1.939227209471011,1.9509907598216407,0.5804404767776351,0.57456849580655,0.5863124577487202
264,1.9454106169087046,1.9396100905360838,1.9512111432813255,0.5796525597595479,0.5738020759899981,0.5855030435290977
265,1.9462538049375553,1.9404220044040532,1.9520856054710574,0.5784284336292872,0.572215138123159,0.5846417291354153
266,1.9469639126110676,1.941326402472529,1.9526014227496062,0.5807128714048687,0.5748413910499188,0.5865843517598186
267,1.9477590713975221,1.9422711223307096,1.9532470204643346,0.5800208494250146,0.5741421529254653,0.585899545924564
268,1.948009776954047,1.9425136090779211,1.9535059448301728,0.5806050236045229,0.574568725979711,0.5866413212293349
269,1.9484145450958337,1.9430508754237417,1.9537782147679257,0.581193014918113,0.5751380315442911,0.587247998291935
270,1.948673059777519,1.9433328829302106,1.9540132366248275,0.5776889345214046,0.5699704989608986,0.5854073700819106
271,1.9483787234853824,1.9430118223498485,1.9537456246209164,0.5795952503965119,0.5730166058647177,0.5861738949283062
272,1.9482573941133325,1.9428820552571069,1.9536327329695582,0.5802515370097635,0.5739612810308594,0.5865417929886676
273,1.9477786698548045,1.9422459660644358,1.9533113736451733,0.5801576900747281,0.5737348591429013,0.5865805210065548
274,1.9472335757697075,1.9416986938237684,1.9527684577156466,0.5798593508529081,0.5732138218641252,0.586504879841691
275,1.948207250099127,1.9428405249534817,1.9535739752447723,0.5802338736539995,0.5737886493316917,0.5866790979763072
276,1.9487839220225467,1.9432627919621337,1.9543050520829597,0.5790415823897217,0.5724825905949873,0.5856005741844561
277,1.948934629072769,1.9434056649574776,1.9544635931880603,0.5772343502828975,0.5706660752573293,0.5838026253084657
278,1.9498000082698557,1.944329364848816,1.9552706516908953,0.5803854072199978,0.5740234976083645,0.5867473168316311
279,1.9496900135720268,1.9439502087199323,1.9554298184241212,0.5789885964175187,0.572598441462497,0.5853787513725403
280,1.9496738673393903,1.9438507260360307,1.95549700864275,0.579954038755928,0.5737631852343003,0.5861448922775557
281,1.9495530566445518,1.943692826827723,1.9554132864613807,0.5799713129406993,0.5736956860908171,0.5862469397905814
282,1.9497538456087897,1.94395450663563,1.9555531845819494,0.5803964364048902,0.5741782901953292,0.5866145826144513
283,1.950134366727446,1.9444945654948218,1.9557741679600702,0.5797973705098979,0.5734392180049183,0.5861555230148775
284,1.9500423950856025,1.9444116358934314,1.9556731542777737,0.5804807207496157,0.5742685619679098,0.5866928795313215
285,1.9503698062251602,1.94457179715784,1.9561678152924804,0.5801419788378984,0.574205116875614,0.5860788408001828
286,1.9503294424726136,1.944640255152897,1.9560186297923303,0.5797183595207026,0.573890453279303,0.5855462657621022
287,1.9502591115394718,1.9446358797566607,1.955882343322283,0.5805045978821322,0.5744969214769603,0.586512274287304
288,1.950055637174102,1.9445934604047468,1.9555178139434573,0.580476650609518,0.5744479457680942,0.5865053554509418
289,1.950037335688534,1.9446554725439669,1.9554191988331013,0.5792825418804817,0.5729919817250125,0.5855731020359508
290,1.9501561100422007,1.9448425742482887,1.9554696458361127,0.5792850983942707,0.5729938950683644,0.5855763017201769
291,1.9509790257908395,1.9458705396805596,1.9560875119011194,0.5800705318002093,0.5740009271720156,0.586140136428403
292,1.9510872961397845,1.945918166168785,1.956256426110784,0.5799132325009483,0.5738242505931759,0.5860022144087207
293,1.9511694079832151,1.9460601242561193,1.956278691710311,0.5793048076450417,0.5733892640347668,0.5852203512553166
294,1.9516462674479769,1.9465124086017835,1.9567801262941702,0.5788334951914691,0.5728221043560864,0.5848448860268518
295,1.9513142335573161,1.9461771373363155,1.9564513297783168,0.5790939846384494,0.5730986990567412,0.5850892702201577
296,1.9509148017745317,1.945699567026602,1.9561300365224614,0.5765545418693054,0.5699531476017952,0.5831559361368157
297,1.9512325614233732,1.946312869381877,1.9561522534648694,0.5783639317822741,0.5719683245377813,0.5847595390267668
298,1.9511318600960221,1.946380153094352,1.9558835670976922,0.5766279690087674,0.5697116414598611,0.5835442965576738
299,1.952131217180566,1.9475999468816998,1.9566624874794323,0.5793231890140226,0.57341312044492,0.5852332575831252
300,1.9532853770256042,1.9488669182994907,1.9577038357517178,0.5785110456368896,0.5725069982272644,0.5845150930465148
301,1.952861268810819,1.9483983938452116,1.9573241437764262,0.5796504310052943,0.5739175583827063,0.5853833036278824
302,1.953361802007409,1.9489917657233695,1.9577318382914486,0.5797804981709664,0.5740449801630567,0.5855160161788762
303,1.9535717416076528,1.9491634989023008,1.9579799843130048,0.5793659009254349,0.5730360319603962,0.5856957698904737
304,1.954108324736058,1.9497359255333377,1.9584807239387783,0.5785204848678568,0.5720051030651797,0.5850358666705339
305,1.9538582604587416,1.949609327960801,1.958107192956682,0.579634876117247,0.5729466759092204,0.5863230763252735
306,1.9539087366322354,1.949541231317728,1.9582762419467428,0.5801390137181311,0.5737674605272889,0.5865105669089734
307,1.9541666019489292,1.9499105866344348,1.9584226172634236,0.5807338890161707,0.5747185733999923,0.5867492046323491
308,1.9557209522205015,1.951682010492259,1.959759893948744,0.5794114302506455,0.573059537500307,0.5857633230009839
309,1.956009898489705,1.9518519559291012,1.9601678410503087,0.5792168019931627,0.5729522664810928,0.5854813375052327
310,1.9566052907835247,1.9524659138098517,1.9607446677571978,0.5780867152294926,0.571893107419818,0.5842803230391672
311,1.9571620637480667,1.9531444338016826,1.9611796936944508,0.5775954724473947,0.5713338927850102,0.5838570521097792
312,1.9576641216610755,1.9537450700010646,1.9615831733210864,0.576105581287311,0.5696030022017994,0.5826081603728227
313,1.9580982251634993,1.954190723325049,1.9620057270019495,0.5754705435287605,0.568880430431697,0.582060656625824
314,1.9587226491630116,1.9548815548928462,1.962563743433177,0.577751940737834,0.5713919527665771,0.5841119287090909
315,1.9584297253646188,1.954473728118021,1.9623857226112167,0.5778593966241011,0.5715534370705853,0.584165356177617
316,1.9585205765895497,1.9543928682822596,1.9626482848968398,0.5777394599119271,0.5714862502323372,0.583992669591517
317,1.9588402348878047,1.9547685394017544,1.962911930373855,0.5758941250850309,0.5686525555272272,0.5831356946428347
318,1.9596058808871997,1.9556416578992075,1.9635701038751918,0.5765955793290481,0.5694486522693035,0.5837425063887928
319,1.960502503128076,1.956690658216266,1.9643143480398861,0.5772069878817085,0.570018692807715,0.5843952829557021
320,1.9607487143458502,1.9569475932823541,1.9645498354093462,0.5766513967500412,0.5697321288795922,0.5835706646204901
321,1.9603100084248224,1.9563682291780928,1.964251787671552,0.5773967876476569,0.5703143841350481,0.5844791911602657
322,1.9596523322335222,1.9556158474467364,1.963688817020308,0.5778902055711579,0.5714860254762482,0.5842943856660676
323,1.960193324827341,1.9561602940963425,1.9642263555583397,0.5781414442904843,0.571701084902442,0.5845818036785266
324,1.9601841148808932,1.9560988162887234,1.964269413473063,0.5774301515807391,0.5709114919064161,0.583948811255062
325,1.9604946643267085,1.9562923016753937,1.9646970269780233,0.5767409912329855,0.5699734372457694,0.5835085452202016
326,1.9606738888908064,1.95644822106397,1.9648995567176428,0.5786708619589577,0.5723858282960071,0.5849558956219082
327,1.9608742910270556,1.9565102596781583,1.9652383223759529,0.5782675488587014,0.5719207930943419,0.5846143046230609
328,1.9611867025203253,1.9567588855340576,1.965614519506593,0.5791722251310641,0.5728160135438136,0.5855284367183147
329,1.9612849837924813,1.9569499940135584,1.9656199735714042,0.578956679249062,0.5724667895382262,0.5854465689598979
330,1.9614664776713397,1.9570629927809682,1.9658699625617113,0.5793901145934456,0.5731369065218532,0.5856433226650379
331,1.961601802761841,1.9572584091757876,1.9659451963478942,0.5785983516716198,0.5721940933909826,0.585002609952257
332,1.9620830338089967,1.9576681446071702,1.9664979230108233,0.5780081764401399,0.5714989238863419,0.5845174289939379
333,1.9619612793814463,1.9574821088292857,1.9664404499336068,0.57811011310505,0.5715657248720761,0.5846545013380239
334,1.9621308841054685,1.9576810083097778,1.9665807599011593,0.5780169389848239,0.5713552281993635,0.5846786497702843
335,1.9621337079908943,1.9577352029352566,1.966532213046532,0.5796809829077432,0.5734962885034772,0.5858656773120091
336,1.962447363690456,1.957943400381991,1.966951326998921,0.5795733220484522,0.5734144787233567,0.5857321653735478
337,1.9626635901360945,1.958250189395705,1.967076990876484,0.5809726929008295,0.5748429956061045,0.5871023901955545
338,1.9631563523917197,1.9587184180113881,1.9675942867720513,0.5799501788235097,0.5738115541133982,0.5860888035336212
339,1.9634179250180568,1.9590251704163333,1.9678106796197803,0.5806765843790845,0.5745548840313752,0.5867982847267939
340,1.9633761653293922,1.9589428946388776,1.9678094360199068,0.5798573366816228,0.5735549609551219,0.5861597124081236
341,1.964557932565384,1.9604329404118075,1.9686829247189603,0.5795198376617726,0.5731902219720616,0.5858494533514836
342,1.9654861167804236,1.9615151814732377,1.9694570520876096,0.5785007900344842,0.5716750130641327,0.5853265670048357
343,1.9649196510730078,1.9608469094495216,1.968992392696494,0.5794730923605363,0.5731234186133355,0.5858227661077372
344,1.964914101708415,1.96094683572358,1.9688813676932502,0.5794675259895467,0.5729874127018699,0.5859476392772234
345,1.9649870425219946,1.961099293376889,1.9688747916671003,0.579270420007743,0.5726750839078502,0.5858657561076358
346,1.9647870058451127,1.9608883788347484,1.968685632855477,0.5787265861998542,0.5719147597002606,0.5855384126994477
347,1.9644063824283844,1.9604895805006286,1.9683231843561402,0.578780047174415,0.571989304212484,0.585570790136346
348,1.9642709762595028,1.9603359237085363,1.9682060288104692,0.5791636750153514,0.5723741507158286,0.5859531993148741
349,1.9641071338265923,1.9603194991198953,1.9678947685332893,0.5800853154734007,0.5732514794755993,0.5869191514712021
350,1.964576612023879,1.9609177874103643,1.9682354366373938,0.5804278943534718,0.5734439487754054,0.5874118399315381
351,1.9642324804289573,1.960405601543979,1.9680593593139355,0.5796033618671388,0.5724705936475161,0.5867361300867615
352,1.964495361007302,1.9606858029117908,1.968304919102813,0.5784966532477653,0.5709583982822087,0.5860349082133219
353,1.9650425890757426,1.961203991718354,1.9688811864331313,0.5790101217285794,0.5717691521658762,0.5862510912912825
354,1.9656302897216482,1.9617472263102116,1.9695133531330848,0.5790019293873564,0.5719363936386678,0.586067465136045
355,1.965621575137954,1.9617239458725741,1.9695192044033338,0.5792559708704702,0.5723756022309167,0.5861363395100238
356,1.9652983503919652,1.9613518477321708,1.9692448530517597,0.5792919730632429,0.5724625589905956,0.5861213871358901
357,1.9652024814612639,1.9612616160624843,1.9691433468600434,0.5800128636775748,0.5731939211715837,0.5868318061835658
358,1.9650381568170276,1.9610570669107514,1.9690192467233039,0.5798411930029155,0.5728178591724564,0.5868645268333745
359,1.9655491290448128,1.961656302959393,1.9694419551302327,0.5796062508866943,0.5725045260677237,0.5867079757056648
360,1.9651997598753719,1.9612905376970533,1.9691089820536904,0.5789633931708763,0.5719285773062027,0.5859982090355499
361,1.9659253116485425,1.9619987734550712,1.9698518498420137,0.5804122875222201,0.5736096152948245,0.5872149597496157
362,1.9660613165952114,1.9621641220705588,1.969958511119864,0.5803866002681098,0.5735927218742171,0.5871804786620026
363,1.9660507750885525,1.9622173605291708,1.9698841896479342,0.581492180231839,0.5748993659423182,0.5880849945213599
364,1.9666200098160445,1.9628193763979063,1.9704206432341826,0.5823544199546951,0.5758480181773049,0.5888608217320852
365,1.9664927684720142,1.9627769898646032,1.970208547079425,0.5825980066931005,0.5760934194847763,0.5891025939014246
366,1.9667886940358301,1.9630673586347764,1.9705100294368838,0.5819845098878854,0.5754734926292017,0.5884955271465692
367,1.9666222850674655,1.9629657940902092,1.9702787760447218,0.5818788064927376,0.5753844171928838,0.5883731957925914
368,1.9664504286393676,1.9628477457802507,1.9700531114984845,0.5818958026540757,0.5753845881211849,0.5884070171869665
369,1.9665734153760348,1.9629843487335015,1.9701624820185681,0.5816068680550774,0.5748199688308229,0.588393767279332
370,1.9667141287058354,1.9632408219999875,1.9701874354116833,0.5815143686336721,0.5747012302808012,0.588327506986543
371,1.9669412038063903,1.9635903476173386,1.9702920599954419,0.5816855254942467,0.575553993296207,0.5878170576922863
372,1.9667552155704686,1.9633039873004015,1.9702064438405358,0.581420660909271,0.5753352257693305,0.5875060960492116
373,1.9668861681004248,1.9634888530153014,1.9702834831855482,0.5805969397508247,0.5741706022149767,0.5870232772866727
374,1.9669076272263073,1.96344664152429,1.9703686129283247,0.5798718825566141,0.5734720568931554,0.5862717082200729
375,1.9668476044962464,1.9634062898944376,1.9702889190980553,0.580503886429127,0.5738662312497038,0.5871415416085501
376,1.9668159047976561,1.963236810881353,1.9703949987139593,0.5807295263588577,0.5742005569218931,0.5872584957958222
377,1.9676712693231928,1.9641577326007278,1.9711848060456578,0.5814250882446051,0.5752588845917971,0.5875912918974132
378,1.9675118671719503,1.9640880191858865,1.970935715158014,0.5802243746087669,0.57330018949089,0.5871485597266437
379,1.9672822211426624,1.9639312210434665,1.9706332212418582,0.580598779368851,0.5736634810434236,0.5875340776942783
380,1.9677751136630592,1.9644767871146174,1.971073440211501,0.5803432540285198,0.5737797135125419,0.5869067945444978
381,1.967759762197414,1.9644808721698666,1.9710386522249617,0.581428164786737,0.5747963288325316,0.5880600007409423
382,1.9676940329488688,1.964350907891902,1.9710371580058357,0.5822383137728133,0.575655422736688,0.5888212048089386
383,1.96780964362562,1.9643407282297416,1.9712785590214985,0.5829269105919509,0.5766940946239006,0.5891597265600012
384,1.9680584414161835,1.9647139566564569,1.97140292617591,0.5818064361395631,0.5754284076277263,0.5881844646513998
385,1.9683417896714637,1.9649599919827303,1.971723587360197,0.5804062207293961,0.5735041426070171,0.587308298851775
386,1.967947589052197,1.964478973313534,1.9714162047908599,0.5806352554245017,0.5737965899579762,0.5874739208910271
387,1.967941691220367,1.9646822058001474,1.9712011766405868,0.5812217057506947,0.5745284538630887,0.5879149576383006
388,1.9675373421894167,1.9642242167002548,1.9708504676785785,0.5815386124494321,0.5750084205325932,0.588068804366271
389,1.9671052184019104,1.9637318192098607,1.9704786175939601,0.5812195882588247,0.5747024599060525,0.5877367166115969
390,1.967629804000164,1.9641796771330877,1.9710799308672404,0.5813414046362939,0.5752482271688367,0.5874345821037511
391,1.9673215007732994,1.9639343138685463,1.9707086876780524,0.5791722828232374,0.5724044081781983,0.5859401574682765
392,1.9674281903564472,1.9641456107507174,1.970710769962177,0.5802923339084127,0.5741678880225878,0.5864167797942377
393,1.967781143501954,1.9645096292770505,1.9710526577268577,0.5809503862441483,0.5748309418073788,0.5870698306809178
394,1.9688154188156433,1.9654782968414957,1.9721525407897909,0.5803100315687734,0.5740982066218903,0.5865218565156565
395,1.9689834803258466,1.9656372525443686,1.9723297081073246,0.5812884809159814,0.5750679150928361,0.5875090467391267
396,1.9692038826444158,1.9658412744987745,1.972566490790057,0.5813753419480328,0.5749992700631927,0.5877514138328728
397,1.9693112169806988,1.9661100622938075,1.97251237166759,0.5797815084304022,0.573446798384532,0.5861162184762724
398,1.9699867678276288,1.9667798395538405,1.9731936961014171,0.5791124859123619,0.5724162060019203,0.5858087658228034
399,1.9697688084767162,1.9666316839890292,1.9729059329644032,0.5805387349843049,0.5743714157165837,0.586706054252026
400,1.9696970440147266,1.966708857077247,1.972685230952206,0.580929300851662,0.5748088755137108,0.587049726189613
401,1.9698319480047557,1.9667674282270409,1.9728964677824705,0.5810062904742189,0.574477363379391,0.5875352175690468
402,1.969818216456189,1.9667378570824843,1.9728985758298938,0.5826528079280159,0.5765822681321372,0.5887233477238946
403,1.9698264653080155,1.9666936457354576,1.9729592848805735,0.5793439902653388,0.5728339589781895,0.5858540215524881
404,1.969723978464013,1.9665531931920808,1.9728947637359453,0.5822813807385024,0.576367431851393,0.5881953296256118
405,1.9698484044868334,1.9666673487815656,1.9730294601921012,0.5814183171728741,0.5750441955085903,0.5877924388371578
406,1.969842545492617,1.9665682785467948,1.973116812438439,0.5817060130306905,0.5756270375291073,0.5877849885322737
407,1.9701791759800165,1.9669400309293121,1.9734183210307208,0.5814384545022624,0.575381012170089,0.5874958968344358
408,1.9698796090120325,1.966643843221565,1.9731153748025,0.5808034103996792,0.574622719211102,0.5869841015882564
409,1.9698054507562426,1.9666614606193453,1.9729494408931398,0.5817374432268801,0.5757192564347244,0.5877556300190359
410,1.9696511318143877,1.9664677582909258,1.9728345053378495,0.5800895046626946,0.5736637623188399,0.5865152470065493
411,1.9695723810561665,1.9663922353193304,1.9727525267930026,0.5798179624262638,0.5729919573258901,0.5866439675266375
412,1.9695021667975976,1.9663238918545047,1.9726804417406905,0.5814265882716745,0.5751866205694258,0.5876665559739231
413,1.9693088320365533,1.9661510295473748,1.9724666345257318,0.5806569885722085,0.5742870654637162,0.5870269116807008
414,1.9696003575174508,1.9664577448201574,1.972742970214744,0.5811360968934922,0.5748763310028622,0.5873958627841223
415,1.969487867558047,1.9663441610778085,1.9726315740382854,0.5796275147080522,0.5731064995680176,0.5861485298480867
416,1.970413414425911,1.9672772712581903,1.9735495575936315,0.580290770656228,0.5740269054246268,0.5865546358878293
417,1.9705649892798627,1.9674905734434966,1.9736394051162287,0.5802651177228586,0.5740031421355937,0.5865270933101235
418,1.9700658540880724,1.9669164155270014,1.9732152926491435,0.5799670493464244,0.5731288400959693,0.5868052585968795
419,1.9698652007425566,1.9666048506316571,1.973125550853456,0.5801921307370059,0.5734182834256566,0.5869659780483553
420,1.9702257568044683,1.9670135146782555,1.9734379989306812,0.5796558505428824,0.5722398422073909,0.5870718588783739
421,1.9703485436390198,1.9672086063961503,1.9734884808818893,0.5796875175234075,0.5721088638768361,0.5872661711699789
422,1.969971436341576,1.96669122441523,1.9732516482679219,0.5803453641236265,0.5728848266119694,0.5878059016352836
423,1.9701038334424479,1.9669997542259716,1.9732079126589241,0.5802196762820383,0.5725997173088846,0.587839635255192
424,1.9701783551121617,1.9670996526520617,1.9732570575722617,0.5802132100497703,0.5725954313863147,0.5878309887132259
425,1.9701097113690278,1.9671386232524692,1.9730807994855863,0.5799603951649823,0.5722892110197626,0.587631579310202
426,1.970540283295844,1.9676874658943893,1.973393100697299,0.5808357661273917,0.5737720065222355,0.587899525732548
427,1.9701978164524234,1.967242666132383,1.9731529667724639,0.579883240340195,0.5730090376113027,0.5867574430690873
428,1.9701106232036074,1.9669578852020333,1.9732633612051815,0.5801353960613612,0.5727772331682935,0.5874935589544289
429,1.9701647076911535,1.9670669182310074,1.9732624971512995,0.5821824838044434,0.5753107719886487,0.5890541956202381
430,1.969878745934404,1.9667478585560279,1.9730096333127802,0.5821359024691901,0.5752738112912305,0.5889979936471498
431,1.9702039876039377,1.9671106322931042,1.973297342914771,0.5808684618876151,0.5738789471537021,0.5878579766215281
432,1.970896887280895,1.9678711338899062,1.9739226406718837,0.580872445214421,0.57388590669329,0.5878589837355521
433,1.970487973434022,1.9673898836147496,1.9735860632532942,0.579094333502579,0.5716460171339571,0.5865426498712009
434,1.970387069863985,1.9672162342145152,1.9735579055134547,0.5793247009688779,0.5720356509169573,0.5866137510207985
435,1.9709207087636562,1.96777432105535,1.9740670964719624,0.5790456568669472,0.5717329119719631,0.5863584017619313
436,1.9709748474509403,1.9677209712336645,1.9742287236682161,0.5787673817012586,0.5713795589322734,0.5861552044702438
437,1.9708156810687376,1.9673568860591693,1.974274476078306,0.5785639269659122,0.5713790362654244,0.5857488176664
438,1.9710383696208902,1.9676973344995505,1.9743794047422298,0.5796275636090191,0.5723086210347433,0.5869465061832949
439,1.971121797725069,1.9679338077316015,1.9743097877185365,0.5788670140232935,0.5714780133301879,0.5862560147163992
440,1.9707315502390892,1.9675686292755767,1.9738944712026016,0.5793675435188597,0.5721036678266327,0.5866314192110866
441,1.971170703255266,1.9681343382821708,1.9742070682283615,0.5792864044387211,0.5723604921068053,0.586212316770637
442,1.971718272164093,1.968724095479886,1.9747124488482999,0.5782841765616272,0.5715103514582771,0.5850580016649773
443,1.9715743367773917,1.9683733519123037,1.9747753216424797,0.5783923884544597,0.571371338693576,0.5854134382153434
444,1.9720982814690557,1.9689711938311234,1.975225369106988,0.5769693101146856,0.5696104319844425,0.5843281882449286
445,1.9724580738043516,1.9694242533446127,1.9754918942640904,0.5795624942038229,0.57222704751505,0.5868979408925957
446,1.9723709436219274,1.9694004599660462,1.9753414272778087,0.5788593494864634,0.5714375822622202,0.5862811167107067
447,1.972420411219616,1.9693506361662951,1.9754901862729368,0.579417647049299,0.572006081335128,0.58682921276347
448,1.9724079666334018,1.9693055030188764,1.9755104302479272,0.5768108442882176,0.5687602078986247,0.5848614806778105
449,1.97237570671695,1.9692348532367365,1.9755165601971636,0.5785654305550136,0.5709369503245075,0.5861939107855197
450,1.972178892928214,1.9689837594584987,1.9753740263979294,0.5798061247834552,0.5725105572021977,0.5871016923647127
451,1.9718602922494852,1.9686679533061617,1.9750526311928087,0.5779631677232552,0.5696795240777279,0.5862468113687824
452,1.9718238459162691,1.9686113370275882,1.97503635480495,0.577607414697162,0.5701978690819675,0.5850169603123566
453,1.9719325624015105,1.9686678126432682,1.9751973121597528,0.5772179969934829,0.5698220982401007,0.5846138957468651
454,1.9719786573127214,1.968720523869274,1.9752367907561688,0.5765777977139331,0.5691389749943746,0.5840166204334917
455,1.971954839881759,1.968623367102998,1.97528631266052,0.5778519894984996,0.5705672917918794,0.5851366872051198
456,1.9716552673218437,1.9682889959083298,1.9750215387353576,0.5762614707214575,0.5688577937761916,0.5836651476667234
457,1.9712243645753613,1.967793693700603,1.9746550354501196,0.5786648599462025,0.5715856295975571,0.585744090294848
458,1.970953895871328,1.9673731325716264,1.9745346591710295,0.5779375921474899,0.5704727477576368,0.5854024365373429
459,1.9709641726406313,1.967542321792108,1.9743860234891546,0.5774320174493712,0.569746954430018,0.5851170804687245
460,1.9711628381797235,1.9678018227839307,1.9745238535755163,0.5784912261574067,0.57088663555714,0.5860958167576733
461,1.9709816676529188,1.9676752660860777,1.97428806921976,0.5775005683138088,0.5697617664022894,0.5852393702253282
462,1.971772503396303,1.9685880854871296,1.9749569213054763,0.5768358946793201,0.5690698578591423,0.5846019314994978
463,1.971473235720957,1.9682330248996662,1.9747134465422478,0.5782460762930715,0.5706672504542132,0.5858249021319297
464,1.9715490209602993,1.968186867854196,1.9749111740664025,0.578289522969012,0.5710319560680982,0.5855470898699259
465,1.9716358076456688,1.9681540068532388,1.9751176084380988,0.5800198284414627,0.572801969787422,0.5872376870955034
466,1.9719780326612808,1.9684967458903517,1.9754593194322099,0.5812319092365158,0.5741394731084779,0.5883243453645537
467,1.971733957539728,1.9681982834220957,1.9752696316573601,0.5815808609413772,0.5745405215039461,0.5886212003788083
468,1.9715275606849836,1.967937623454953,1.9751174979150141,0.5817089576986882,0.5746493138704514,0.5887686015269251
469,1.9713664893784204,1.967851667593822,1.9748813111630188,0.581592374752343,0.5745288671667413,0.5886558823379447
470,1.9715141040087785,1.968132786220486,1.974895421797071,0.5820635263575629,0.5756218271007354,0.5885052256143903
471,1.971568576399013,1.967954516040537,1.975182636757489,0.5815508128783116,0.5749013569769861,0.588200268779637
472,1.971581156726495,1.9678575164255367,1.975304797027453,0.582447022645989,0.5761652654932781,0.5887287797987
473,1.9714941379854412,1.9677696535510152,1.9752186224198671,0.582779668824848,0.5764839199589658,0.5890754176907302
474,1.9719361128464932,1.9682579074941784,1.975614318198808,0.5820009166571648,0.5757610223325254,0.5882408109818043
475,1.9720142913036207,1.968382687841274,1.9756458947659674,0.5827950844096133,0.5765240984989273,0.5890660703202992
476,1.9719044241444619,1.9681719446480468,1.975636903640877,0.5832002846297908,0.5768308773544689,0.5895696919051127
477,1.9715429940118332,1.9678209687374588,1.9752650192862076,0.5829534335459355,0.5759084040989365,0.5899984629929346
478,1.9720753512420288,1.9685386323875846,1.975612070096473,0.5822491817746573,0.5753819734624415,0.5891163900868732
479,1.9718337931616516,1.9683167058758904,1.975350880447413,0.5820765781715902,0.5752764852970008,0.5888766710461796
480,1.9713650229930466,1.967682260717144,1.9750477852689492,0.5815208251451405,0.5747047331337395,0.5883369171565415
481,1.971082827038334,1.967461058799987,1.974704595276681,0.5791922040363319,0.5721834155035466,0.5862009925691172
482,1.9711324751626704,1.9674219738031362,1.9748429765222046,0.5797985440158557,0.5731483411621343,0.5864487468695772
483,1.971119529472442,1.9673990160414714,1.9748400429034125,0.581648290559763,0.5757430418216197,0.5875535392979062
484,1.9712789039615237,1.9675185657906453,1.9750392421324021,0.5804242692153398,0.5744080392371358,0.5864404991935439
485,1.9709081536780375,1.9671453199125566,1.9746709874435184,0.582324641889143,0.5762540068379469,0.5883952769403391
486,1.9709853651743794,1.9672609170051096,1.9747098133436491,0.5834588877062129,0.5774397408475203,0.5894780345649056
487,1.970972573509641,1.9671186107142022,1.9748265363050799,0.5833739696684965,0.5773338651476696,0.5894140741893235
488,1.9711383822541009,1.9673511428504007,1.974925621657801,0.5835223722198276,0.5774885273454371,0.5895562170942181
489,1.970934316725142,1.966929950099205,1.9749386833510791,0.5828810481935026,0.5765054523102382,0.589256644076767
490,1.9708074375800524,1.966928890794145,1.9746859843659599,0.5824865570031185,0.576031976863252,0.5889411371429849
491,1.9712115513659623,1.967759235134571,1.9746638675973536,0.5825188005846488,0.5760224757019363,0.5890151254673612
492,1.9707509292529992,1.967136201995531,1.9743656565104675,0.5818409372206379,0.5753438347464167,0.5883380396948591
493,1.9707248842445317,1.9671261150489059,1.9743236534401576,0.5824346561142151,0.5764677079343378,0.5884016042940924
494,1.9703487635650594,1.9667408832019826,1.9739566439281362,0.5814167699815378,0.5753896312290449,0.5874439087340307
495,1.9709376948685264,1.9673920655426127,1.9744833241944402,0.5803899891967979,0.5744727370049564,0.5863072413886393
496,1.9710506666533683,1.9675793825407226,1.974521950766014,0.5808276230695814,0.5744630917137251,0.5871921544254376
497,1.9709302639706308,1.9672099832988486,1.974650544642413,0.5812105017719474,0.5749085382473932,0.5875124652965017
498,1.9710359535827604,1.9673875736640871,1.9746843335014337,0.5804061936973482,0.5738464336833742,0.5869659537113223
499,1.9708704198075295,1.9672292131832763,1.9745116264317828,0.5804061936973482,0.5738464336833742,0.5869659537113223
500,1.9709816381472487,1.9673215198915528,1.9746417564029446,0.5815005448667024,0.5751338971377119,0.587867192595693
